symbol,rows,start,end,span_days,null_count
AAPL,620,2026-06-22 17:00:00,2026-07-20 22:30:00,28,0
ABNB,566,2026-06-22 17:00:00,2026-07-20 22:30:00,28,0
ADBE,620,2026-06-22 17:00:00,2026-07-20 22:30:00,28,0
ADI,611,2026-06-22 17:00:00,2026-07-20 22:30:00,28,0
ADP,504,2026-06-22 17:00:00,2026-07-20 22:30:00,28,0
ADSK,582,2026-06-22 17:00:00,2026-07-20 22:30:00,28,0
AEP,542,2026-06-22 17:00:00,2026-07-20 22:30:00,28,0
ALNY,488,2026-06-22 17:00:00,2026-07-20 22:30:00,28,0
AMAT,620,2026-06-22 17:00:00,2026-07-20 22:30:00,28,0
AMD,620,2026-06-22 17:00:00,2026-07-20 22:30:00,28,0
AMGN,572,2026-06-22 17:00:00,2026-07-20 22:30:00,28,0
AMZN,620,2026-06-22 17:00:00,2026-07-20 22:30:00,28,0
APP,620,2026-06-22 17:00:00,2026-07-20 22:30:00,28,0
ARM,620,2026-06-22 17:00:00,2026-07-20 22:30:00,28,0
ASML,620,2026-06-22 17:00:00,2026-07-20 22:30:00,28,0
AVGO,620,2026-06-22 17:00:00,2026-07-20 22:30:00,28,0
AXON,605,2026-06-22 17:00:00,2026-07-20 22:30:00,28,0
BKNG,601,2026-06-22 17:00:00,2026-07-20 22:30:00,28,0
BKR,560,2026-06-22 17:00:00,2026-07-20 22:30:00,28,0
CCEP,463,2026-06-22 17:00:00,2026-07-20 22:30:00,28,0
CDNS,595,2026-06-22 17:00:00,2026-07-20 22:30:00,28,0
CEG,620,2026-06-22 17:00:00,2026-07-20 22:30:00,28,0
CHTR,548,2026-06-22 17:00:00,2026-07-20 22:30:00,28,0
CMCSA,613,2026-06-22 17:00:00,2026-07-20 22:30:00,28,0
COST,619,2026-06-22 17:00:00,2026-07-20 22:30:00,28,0
CPRT,564,2026-06-22 17:00:00,2026-07-20 22:30:00,28,0
CRWD,620,2026-06-22 17:00:00,2026-07-20 22:30:00,28,0
CSCO,620,2026-06-22 17:00:00,2026-07-20 22:30:00,28,0
CSGP,508,2026-06-22 17:00:00,2026-07-20 22:30:00,28,0
CSX,535,2026-06-22 17:00:00,2026-07-20 22:30:00,28,0
CTAS,489,2026-06-22 17:00:00,2026-07-20 22:30:00,28,0
CTSH,551,2026-06-22 17:00:00,2026-07-20 22:30:00,28,0
DASH,588,2026-06-22 17:00:00,2026-07-20 22:30:00,28,0
DDOG,616,2026-06-22 17:00:00,2026-07-20 22:30:00,28,0
DXCM,512,2026-06-22 17:00:00,2026-07-20 22:30:00,28,0
EA,509,2026-06-22 17:00:00,2026-07-20 22:30:00,28,0
EXC,461,2026-06-22 17:00:00,2026-07-20 22:30:00,28,0
FANG,543,2026-06-22 17:00:00,2026-07-20 22:30:00,28,0
FAST,481,2026-06-22 17:00:00,2026-07-20 22:30:00,28,0
FTNT,614,2026-06-22 17:00:00,2026-07-20 22:30:00,28,0
GEHC,543,2026-06-22 17:00:00,2026-07-20 22:30:00,28,0
GILD,562,2026-06-22 17:00:00,2026-07-20 22:30:00,28,0
GOOG,620,2026-06-22 17:00:00,2026-07-20 22:30:00,28,0
GOOGL,620,2026-06-22 17:00:00,2026-07-20 22:30:00,28,0
HON,582,2026-06-22 17:00:00,2026-07-20 22:30:00,28,0
IDXX,410,2026-06-22 17:00:00,2026-07-20 22:30:00,28,0
INSM,491,2026-06-22 17:00:00,2026-07-20 22:30:00,28,0
INTC,620,2026-06-22 17:00:00,2026-07-20 22:30:00,28,0
INTU,617,2026-06-22 17:00:00,2026-07-20 22:30:00,28,0
ISRG,619,2026-06-22 17:00:00,2026-07-20 22:30:00,28,0
KDP,539,2026-06-22 17:00:00,2026-07-20 22:30:00,28,0
KHC,612,2026-06-22 17:00:00,2026-07-20 22:30:00,28,0
KLAC,620,2026-06-22 17:00:00,2026-07-20 22:30:00,28,0
LRCX,620,2026-06-22 17:00:00,2026-07-20 22:30:00,28,0
MAR,511,2026-06-22 17:00:00,2026-07-20 22:30:00,28,0
MCHP,603,2026-06-22 17:00:00,2026-07-20 22:30:00,28,0
MDLZ,505,2026-06-22 17:00:00,2026-07-20 22:30:00,28,0
MELI,612,2026-06-22 17:00:00,2026-07-20 22:30:00,28,0
META,620,2026-06-22 17:00:00,2026-07-20 22:30:00,28,0
MNST,586,2026-06-22 17:00:00,2026-07-20 22:30:00,28,0
MPWR,593,2026-06-22 17:00:00,2026-07-20 22:30:00,28,0
MRVL,620,2026-06-22 17:00:00,2026-07-20 22:30:00,28,0
MSFT,620,2026-06-22 17:00:00,2026-07-20 22:30:00,28,0
MSTR,620,2026-06-22 17:00:00,2026-07-20 22:30:00,28,0
MU,620,2026-06-22 17:00:00,2026-07-20 22:30:00,28,0
NFLX,620,2026-06-22 17:00:00,2026-07-20 22:30:00,28,0
NVDA,620,2026-06-22 17:00:00,2026-07-20 22:30:00,28,0
NXPI,590,2026-06-22 17:00:00,2026-07-20 22:30:00,28,0
ODFL,445,2026-06-22 17:00:00,2026-07-20 22:30:00,28,0
ORLY,505,2026-06-22 20:00:00,2026-07-20 22:30:00,28,0
PANW,620,2026-06-22 17:00:00,2026-07-20 22:30:00,28,0
PAYX,508,2026-06-22 17:00:00,2026-07-20 22:30:00,28,0
PCAR,446,2026-06-22 20:30:00,2026-07-20 22:30:00,28,0
PDD,620,2026-06-22 17:00:00,2026-07-20 22:30:00,28,0
PEP,620,2026-06-22 17:00:00,2026-07-20 22:30:00,28,0
PLTR,620,2026-06-22 17:00:00,2026-07-20 22:30:00,28,0
PYPL,620,2026-06-22 17:00:00,2026-07-20 22:30:00,28,0
QCOM,620,2026-06-22 17:00:00,2026-07-20 22:30:00,28,0
REGN,515,2026-06-22 17:00:00,2026-07-20 22:30:00,28,0
ROP,457,2026-06-22 20:00:00,2026-07-20 22:30:00,28,0
ROST,484,2026-06-22 17:00:00,2026-07-20 22:30:00,28,0
SBUX,606,2026-06-22 17:00:00,2026-07-20 22:30:00,28,0
SHOP,619,2026-06-22 17:00:00,2026-07-20 22:30:00,28,0
SNPS,606,2026-06-22 17:00:00,2026-07-20 22:30:00,28,0
STX,620,2026-06-22 17:00:00,2026-07-20 22:30:00,28,0
TEAM,614,2026-06-22 17:00:00,2026-07-20 22:30:00,28,0
TMUS,592,2026-06-22 17:00:00,2026-07-20 22:30:00,28,0
TSLA,620,2026-06-22 17:00:00,2026-07-20 22:30:00,28,0
TTWO,620,2026-06-22 17:00:00,2026-07-20 22:30:00,28,0
TXN,616,2026-06-22 17:00:00,2026-07-20 22:30:00,28,0
VRSK,399,2026-06-22 17:00:00,2026-07-20 22:30:00,28,0
VRTX,545,2026-06-22 17:00:00,2026-07-20 22:30:00,28,0
WDAY,599,2026-06-22 17:00:00,2026-07-20 22:30:00,28,0
WDC,620,2026-06-22 17:00:00,2026-07-20 22:30:00,28,0
XEL,436,2026-06-22 17:00:00,2026-07-20 22:30:00,28,0
ZS,618,2026-06-22 17:00:00,2026-07-20 22:30:00,28,0
WBD,576,2026-06-22 17:00:00,2026-07-20 22:30:00,28,0
